"filename","country","iso3","sex","nutrient"
"bang_w_b12.csv","Bangladesh","BGD","Women","Vitamin B12"
"bang_w_calc.csv","Bangladesh","BGD","Women","Calcium"
"bang_w_carb.csv","Bangladesh","BGD","Women","Carbohydrates"
"bang_w_fat.csv","Bangladesh","BGD","Women","Fat"
"bang_w_fola.csv","Bangladesh","BGD","Women","Folate"
"bang_w_iron.csv","Bangladesh","BGD","Women","Iron"
"bang_w_omega_3.csv","Bangladesh","BGD","Women","Omega-3 fatty acids"
"bang_w_protein.csv","Bangladesh","BGD","Women","Protein"
"bang_w_ribo.csv","Bangladesh","BGD","Women","Riboflavin"
"bang_w_thia.csv","Bangladesh","BGD","Women","Thiamine"
"bang_w_vita.csv","Bangladesh","BGD","Women","Vitamin A"
"bang_w_vitb6.csv","Bangladesh","BGD","Women","Vitamin B6"
"bang_w_vitc.csv","Bangladesh","BGD","Women","Vitamin C"
"bang_w_zinc.csv","Bangladesh","BGD","Women","Zinc"
"bosnia_m_alcohol.csv","Bosnia & Herzegovina","BIH","Men","Alcohol"
"bosnia_m_betacarot.csv","Bosnia & Herzegovina","BIH","Men","beta-Carotene"
"bosnia_m_calc.csv","Bosnia & Herzegovina","BIH","Men","Calcium"
"bosnia_m_carb.csv","Bosnia & Herzegovina","BIH","Men","Carbohydrates"
"bosnia_m_cholest.csv","Bosnia & Herzegovina","BIH","Men","Cholestral"
"bosnia_m_energy.csv","Bosnia & Herzegovina","BIH","Men","Energy"
"bosnia_m_fat.csv","Bosnia & Herzegovina","BIH","Men","Fat"
"bosnia_m_fiber.csv","Bosnia & Herzegovina","BIH","Men","Fiber"
"bosnia_m_fola.csv","Bosnia & Herzegovina","BIH","Men","Folate"
"bosnia_m_iodine.csv","Bosnia & Herzegovina","BIH","Men","Iodine"
"bosnia_m_iron.csv","Bosnia & Herzegovina","BIH","Men","Iron"
"bosnia_m_mg.csv","Bosnia & Herzegovina","BIH","Men","Magnesium"
"bosnia_m_mufa.csv","Bosnia & Herzegovina","BIH","Men","Monounsaturated fatty acids"
"bosnia_m_na.csv","Bosnia & Herzegovina","BIH","Men","Sodium"
"bosnia_m_niac.csv","Bosnia & Herzegovina","BIH","Men","Niacin"
"bosnia_m_omega_3.csv","Bosnia & Herzegovina","BIH","Men","Omega-3 fatty acids"
"bosnia_m_omega_6.csv","Bosnia & Herzegovina","BIH","Men","Omega-6 fatty acids"
"bosnia_m_phos.csv","Bosnia & Herzegovina","BIH","Men","Phosphate"
"bosnia_m_pota.csv","Bosnia & Herzegovina","BIH","Men","Potassium"
"bosnia_m_protein.csv","Bosnia & Herzegovina","BIH","Men","Protein"
"bosnia_m_pufa.csv","Bosnia & Herzegovina","BIH","Men","Polyunsaturated fatty acids"
"bosnia_m_ribo.csv","Bosnia & Herzegovina","BIH","Men","Riboflavin"
"bosnia_m_satfat.csv","Bosnia & Herzegovina","BIH","Men","Saturated fat"
"bosnia_m_se.csv","Bosnia & Herzegovina","BIH","Men","Selenium"
"bosnia_m_sugar.csv","Bosnia & Herzegovina","BIH","Men","Sugar"
"bosnia_m_thia.csv","Bosnia & Herzegovina","BIH","Men","Thiamine"
"bosnia_m_vita.csv","Bosnia & Herzegovina","BIH","Men","Vitamin A"
"bosnia_m_vitb12.csv","Bosnia & Herzegovina","BIH","Men","Vitamin B12"
"bosnia_m_vitb6.csv","Bosnia & Herzegovina","BIH","Men","Vitamin B6"
"bosnia_m_vitc.csv","Bosnia & Herzegovina","BIH","Men","Vitamin C"
"bosnia_m_vitd.csv","Bosnia & Herzegovina","BIH","Men","Vitamin D"
"bosnia_m_vite.csv","Bosnia & Herzegovina","BIH","Men","Vitamin E"
"bosnia_m_vitk.csv","Bosnia & Herzegovina","BIH","Men","Vitamin K"
"bosnia_m_zinc.csv","Bosnia & Herzegovina","BIH","Men","Zinc"
"bosnia_w_alcohol.csv","Bosnia & Herzegovina","BIH","Women","Alcohol"
"bosnia_w_betacarot.csv","Bosnia & Herzegovina","BIH","Women","beta-Carotene"
"bosnia_w_calc.csv","Bosnia & Herzegovina","BIH","Women","Calcium"
"bosnia_w_carb.csv","Bosnia & Herzegovina","BIH","Women","Carbohydrates"
"bosnia_w_cholest.csv","Bosnia & Herzegovina","BIH","Women","Cholestral"
"bosnia_w_energy.csv","Bosnia & Herzegovina","BIH","Women","Energy"
"bosnia_w_fat.csv","Bosnia & Herzegovina","BIH","Women","Fat"
"bosnia_w_fiber.csv","Bosnia & Herzegovina","BIH","Women","Fiber"
"bosnia_w_fola.csv","Bosnia & Herzegovina","BIH","Women","Folate"
"bosnia_w_iodine.csv","Bosnia & Herzegovina","BIH","Women","Iodine"
"bosnia_w_iron.csv","Bosnia & Herzegovina","BIH","Women","Iron"
"bosnia_w_mg.csv","Bosnia & Herzegovina","BIH","Women","Magnesium"
"bosnia_w_mufa.csv","Bosnia & Herzegovina","BIH","Women","Monounsaturated fatty acids"
"bosnia_w_na.csv","Bosnia & Herzegovina","BIH","Women","Sodium"
"bosnia_w_niac.csv","Bosnia & Herzegovina","BIH","Women","Niacin"
"bosnia_w_omega_3.csv","Bosnia & Herzegovina","BIH","Women","Omega-3 fatty acids"
"bosnia_w_omega_6.csv","Bosnia & Herzegovina","BIH","Women","Omega-6 fatty acids"
"bosnia_w_phos.csv","Bosnia & Herzegovina","BIH","Women","Phosphate"
"bosnia_w_pota.csv","Bosnia & Herzegovina","BIH","Women","Potassium"
"bosnia_w_protein.csv","Bosnia & Herzegovina","BIH","Women","Protein"
"bosnia_w_pufa.csv","Bosnia & Herzegovina","BIH","Women","Polyunsaturated fatty acids"
"bosnia_w_ribo.csv","Bosnia & Herzegovina","BIH","Women","Riboflavin"
"bosnia_w_satfat.csv","Bosnia & Herzegovina","BIH","Women","Saturated fat"
"bosnia_w_se.csv","Bosnia & Herzegovina","BIH","Women","Selenium"
"bosnia_w_sugar.csv","Bosnia & Herzegovina","BIH","Women","Sugar"
"bosnia_w_thia.csv","Bosnia & Herzegovina","BIH","Women","Thiamine"
"bosnia_w_vita.csv","Bosnia & Herzegovina","BIH","Women","Vitamin A"
"bosnia_w_vitb12.csv","Bosnia & Herzegovina","BIH","Women","Vitamin B12"
"bosnia_w_vitb6.csv","Bosnia & Herzegovina","BIH","Women","Vitamin B6"
"bosnia_w_vitc.csv","Bosnia & Herzegovina","BIH","Women","Vitamin C"
"bosnia_w_vitd.csv","Bosnia & Herzegovina","BIH","Women","Vitamin D"
"bosnia_w_vite.csv","Bosnia & Herzegovina","BIH","Women","Vitamin E"
"bosnia_w_vitk.csv","Bosnia & Herzegovina","BIH","Women","Vitamin K"
"bosnia_w_zinc.csv","Bosnia & Herzegovina","BIH","Women","Zinc"
"brazil_m_calc.csv","Brazil","BRA","Men","Calcium"
"brazil_m_carb.csv","Brazil","BRA","Men","Carbohydrates"
"brazil_m_energy.csv","Brazil","BRA","Men","Energy"
"brazil_m_fat.csv","Brazil","BRA","Men","Fat"
"brazil_m_fiber.csv","Brazil","BRA","Men","Fiber"
"brazil_m_fola.csv","Brazil","BRA","Men","Folate"
"brazil_m_iron.csv","Brazil","BRA","Men","Iron"
"brazil_m_mg.csv","Brazil","BRA","Men","Magnesium"
"brazil_m_mufa.csv","Brazil","BRA","Men","Monounsaturated fatty acids"
"brazil_m_na.csv","Brazil","BRA","Men","Sodium"
"brazil_m_niac.csv","Brazil","BRA","Men","Niacin"
"brazil_m_phos.csv","Brazil","BRA","Men","Phosphate"
"brazil_m_pota.csv","Brazil","BRA","Men","Potassium"
"brazil_m_protein.csv","Brazil","BRA","Men","Protein"
"brazil_m_pufa.csv","Brazil","BRA","Men","Polyunsaturated fatty acids"
"brazil_m_ribo.csv","Brazil","BRA","Men","Riboflavin"
"brazil_m_satfat.csv","Brazil","BRA","Men","Saturated fat"
"brazil_m_thia.csv","Brazil","BRA","Men","Thiamine"
"brazil_m_vita.csv","Brazil","BRA","Men","Vitamin A"
"brazil_m_vitb12.csv","Brazil","BRA","Men","Vitamin B12"
"brazil_m_vitb6.csv","Brazil","BRA","Men","Vitamin B6"
"brazil_m_vitc.csv","Brazil","BRA","Men","Vitamin C"
"brazil_m_zinc.csv","Brazil","BRA","Men","Zinc"
"brazil_w_calc.csv","Brazil","BRA","Women","Calcium"
"brazil_w_carb.csv","Brazil","BRA","Women","Carbohydrates"
"brazil_w_energy.csv","Brazil","BRA","Women","Energy"
"brazil_w_fat.csv","Brazil","BRA","Women","Fat"
"brazil_w_fiber.csv","Brazil","BRA","Women","Fiber"
"brazil_w_fola.csv","Brazil","BRA","Women","Folate"
"brazil_w_iron.csv","Brazil","BRA","Women","Iron"
"brazil_w_mg.csv","Brazil","BRA","Women","Magnesium"
"brazil_w_mufa.csv","Brazil","BRA","Women","Monounsaturated fatty acids"
"brazil_w_na.csv","Brazil","BRA","Women","Sodium"
"brazil_w_niac.csv","Brazil","BRA","Women","Niacin"
"brazil_w_phos.csv","Brazil","BRA","Women","Phosphate"
"brazil_w_pota.csv","Brazil","BRA","Women","Potassium"
"brazil_w_protein.csv","Brazil","BRA","Women","Protein"
"brazil_w_pufa.csv","Brazil","BRA","Women","Polyunsaturated fatty acids"
"brazil_w_ribo.csv","Brazil","BRA","Women","Riboflavin"
"brazil_w_satfat.csv","Brazil","BRA","Women","Saturated fat"
"brazil_w_thia.csv","Brazil","BRA","Women","Thiamine"
"brazil_w_vita.csv","Brazil","BRA","Women","Vitamin A"
"brazil_w_vitb12.csv","Brazil","BRA","Women","Vitamin B12"
"brazil_w_vitb6.csv","Brazil","BRA","Women","Vitamin B6"
"brazil_w_vitc.csv","Brazil","BRA","Women","Vitamin C"
"brazil_w_zinc.csv","Brazil","BRA","Women","Zinc"
"bulg_c_b12.csv","Bulgaria","BGR","Children","Vitamin B12"
"bulg_c_calc.csv","Bulgaria","BGR","Children","Calcium"
"bulg_c_iron.csv","Bulgaria","BGR","Children","Iron"
"bulg_c_omega_3.csv","Bulgaria","BGR","Children","Omega-3 fatty acids"
"bulg_c_vita.csv","Bulgaria","BGR","Children","Vitamin A"
"bulg_c_zinc.csv","Bulgaria","BGR","Children","Zinc"
"bulg_m_adsugar.csv","Bulgaria","BGR","Men","Added sugar"
"bulg_m_b12.csv","Bulgaria","BGR","Men","Vitamin B12"
"bulg_m_betacarot.csv","Bulgaria","BGR","Men","beta-Carotene"
"bulg_m_calc.csv","Bulgaria","BGR","Men","Calcium"
"bulg_m_carb.csv","Bulgaria","BGR","Men","Carbohydrates"
"bulg_m_chol.csv","Bulgaria","BGR","Men","Cholestral"
"bulg_m_cu.csv","Bulgaria","BGR","Men","Copper"
"bulg_m_energy.csv","Bulgaria","BGR","Men","Energy"
"bulg_m_fat.csv","Bulgaria","BGR","Men","Fat"
"bulg_m_fiber.csv","Bulgaria","BGR","Men","Fiber"
"bulg_m_iod.csv","Bulgaria","BGR","Men","Iodine"
"bulg_m_iron.csv","Bulgaria","BGR","Men","Iron"
"bulg_m_mg.csv","Bulgaria","BGR","Men","Magnesium"
"bulg_m_mufa.csv","Bulgaria","BGR","Men","Monounsaturated fatty acids"
"bulg_m_na.csv","Bulgaria","BGR","Men","Sodium"
"bulg_m_niac.csv","Bulgaria","BGR","Men","Niacin"
"bulg_m_omega_3.csv","Bulgaria","BGR","Men","Omega-3 fatty acids"
"bulg_m_phos.csv","Bulgaria","BGR","Men","Phosphate"
"bulg_m_pota.csv","Bulgaria","BGR","Men","Potassium"
"bulg_m_protein.csv","Bulgaria","BGR","Men","Protein"
"bulg_m_pufa.csv","Bulgaria","BGR","Men","Polyunsaturated fatty acids"
"bulg_m_ribo.csv","Bulgaria","BGR","Men","Riboflavin"
"bulg_m_satfat.csv","Bulgaria","BGR","Men","Saturated fat"
"bulg_m_se.csv","Bulgaria","BGR","Men","Selenium"
"bulg_m_thia.csv","Bulgaria","BGR","Men","Thiamine"
"bulg_m_vita.csv","Bulgaria","BGR","Men","Vitamin A"
"bulg_m_vitc.csv","Bulgaria","BGR","Men","Vitamin C"
"bulg_m_vitd.csv","Bulgaria","BGR","Men","Vitamin D"
"bulg_m_vite.csv","Bulgaria","BGR","Men","Vitamin E"
"bulg_m_zinc.csv","Bulgaria","BGR","Men","Zinc"
"bulg_w_adsugar.csv","Bulgaria","BGR","Women","Added sugar"
"bulg_w_b12.csv","Bulgaria","BGR","Women","Vitamin B12"
"bulg_w_betacarot.csv","Bulgaria","BGR","Women","beta-Carotene"
"bulg_w_calc.csv","Bulgaria","BGR","Women","Calcium"
"bulg_w_carb.csv","Bulgaria","BGR","Women","Carbohydrates"
"bulg_w_chol.csv","Bulgaria","BGR","Women","Cholestral"
"bulg_w_cu.csv","Bulgaria","BGR","Women","Copper"
"bulg_w_energy.csv","Bulgaria","BGR","Women","Energy"
"bulg_w_fat.csv","Bulgaria","BGR","Women","Fat"
"bulg_w_fiber.csv","Bulgaria","BGR","Women","Fiber"
"bulg_w_iod.csv","Bulgaria","BGR","Women","Iodine"
"bulg_w_iron.csv","Bulgaria","BGR","Women","Iron"
"bulg_w_mg.csv","Bulgaria","BGR","Women","Magnesium"
"bulg_w_mufa.csv","Bulgaria","BGR","Women","Monounsaturated fatty acids"
"bulg_w_na.csv","Bulgaria","BGR","Women","Sodium"
"bulg_w_niac.csv","Bulgaria","BGR","Women","Niacin"
"bulg_w_omega_3.csv","Bulgaria","BGR","Women","Omega-3 fatty acids"
"bulg_w_phos.csv","Bulgaria","BGR","Women","Phosphate"
"bulg_w_pota.csv","Bulgaria","BGR","Women","Potassium"
"bulg_w_protein.csv","Bulgaria","BGR","Women","Protein"
"bulg_w_pufa.csv","Bulgaria","BGR","Women","Polyunsaturated fatty acids"
"bulg_w_ribo.csv","Bulgaria","BGR","Women","Riboflavin"
"bulg_w_satfat.csv","Bulgaria","BGR","Women","Saturated fat"
"bulg_w_se.csv","Bulgaria","BGR","Women","Selenium"
"bulg_w_thia.csv","Bulgaria","BGR","Women","Thiamine"
"bulg_w_vita.csv","Bulgaria","BGR","Women","Vitamin A"
"bulg_w_vitc.csv","Bulgaria","BGR","Women","Vitamin C"
"bulg_w_vitd.csv","Bulgaria","BGR","Women","Vitamin D"
"bulg_w_vite.csv","Bulgaria","BGR","Women","Vitamin E"
"bulg_w_zinc.csv","Bulgaria","BGR","Women","Zinc"
"burkina_c_b12.csv","Burkina Faso","BFA","Children","Vitamin B12"
"burkina_c_calc.csv","Burkina Faso","BFA","Children","Calcium"
"burkina_c_iron.csv","Burkina Faso","BFA","Children","Iron"
"burkina_c_omega_3.csv","Burkina Faso","BFA","Children","Omega-3 fatty acids"
"burkina_c_vita.csv","Burkina Faso","BFA","Children","Vitamin A"
"burkina_c_zinc.csv","Burkina Faso","BFA","Children","Zinc"
"burkina_m_b12.csv","Burkina Faso","BFA","Men","Vitamin B12"
"burkina_m_calc.csv","Burkina Faso","BFA","Men","Calcium"
"burkina_m_carb.csv","Burkina Faso","BFA","Men","Carbohydrates"
"burkina_m_energy.csv","Burkina Faso","BFA","Men","Energy"
"burkina_m_fat.csv","Burkina Faso","BFA","Men","Fat"
"burkina_m_fola.csv","Burkina Faso","BFA","Men","Folate"
"burkina_m_iron.csv","Burkina Faso","BFA","Men","Iron"
"burkina_m_niac.csv","Burkina Faso","BFA","Men","Niacin"
"burkina_m_omega_3.csv","Burkina Faso","BFA","Men","Omega-3 fatty acids"
"burkina_m_protein.csv","Burkina Faso","BFA","Men","Protein"
"burkina_m_ribo.csv","Burkina Faso","BFA","Men","Riboflavin"
"burkina_m_thia.csv","Burkina Faso","BFA","Men","Thiamine"
"burkina_m_vita.csv","Burkina Faso","BFA","Men","Vitamin A"
"burkina_m_vitb6.csv","Burkina Faso","BFA","Men","Vitamin B6"
"burkina_m_vitc.csv","Burkina Faso","BFA","Men","Vitamin C"
"burkina_m_zinc.csv","Burkina Faso","BFA","Men","Zinc"
"burkina_w_b12.csv","Burkina Faso","BFA","Women","Vitamin B12"
"burkina_w_calc.csv","Burkina Faso","BFA","Women","Calcium"
"burkina_w_carb.csv","Burkina Faso","BFA","Women","Carbohydrates"
"burkina_w_energy.csv","Burkina Faso","BFA","Women","Energy"
"burkina_w_fat.csv","Burkina Faso","BFA","Women","Fat"
"burkina_w_fola.csv","Burkina Faso","BFA","Women","Folate"
"burkina_w_iron.csv","Burkina Faso","BFA","Women","Iron"
"burkina_w_niac.csv","Burkina Faso","BFA","Women","Niacin"
"burkina_w_omega_3.csv","Burkina Faso","BFA","Women","Omega-3 fatty acids"
"burkina_w_protein.csv","Burkina Faso","BFA","Women","Protein"
"burkina_w_ribo.csv","Burkina Faso","BFA","Women","Riboflavin"
"burkina_w_thia.csv","Burkina Faso","BFA","Women","Thiamine"
"burkina_w_vita.csv","Burkina Faso","BFA","Women","Vitamin A"
"burkina_w_vitb6.csv","Burkina Faso","BFA","Women","Vitamin B6"
"burkina_w_vitc.csv","Burkina Faso","BFA","Women","Vitamin C"
"burkina_w_zinc.csv","Burkina Faso","BFA","Women","Zinc"
"canada_m_calc.csv","Canada","CAN","Men","Calcium"
"canada_m_carb.csv","Canada","CAN","Men","Carbohydrates"
"canada_m_energy.csv","Canada","CAN","Men","Energy"
"canada_m_fat.csv","Canada","CAN","Men","Fat"
"canada_m_fiber.csv","Canada","CAN","Men","Fiber"
"canada_m_fola.csv","Canada","CAN","Men","Folate"
"canada_m_iron.csv","Canada","CAN","Men","Iron"
"canada_m_mg.csv","Canada","CAN","Men","Magnesium"
"canada_m_mufa.csv","Canada","CAN","Men","Monounsaturated fatty acids"
"canada_m_na.csv","Canada","CAN","Men","Sodium"
"canada_m_niac.csv","Canada","CAN","Men","Niacin"
"canada_m_omega_3.csv","Canada","CAN","Men","Omega-3 fatty acids"
"canada_m_phos.csv","Canada","CAN","Men","Phosphate"
"canada_m_pota.csv","Canada","CAN","Men","Potassium"
"canada_m_protein.csv","Canada","CAN","Men","Protein"
"canada_m_pufa.csv","Canada","CAN","Men","Polyunsaturated fatty acids"
"canada_m_ribo.csv","Canada","CAN","Men","Riboflavin"
"canada_m_satfat.csv","Canada","CAN","Men","Saturated fat"
"canada_m_sugar.csv","Canada","CAN","Men","Sugar"
"canada_m_thia.csv","Canada","CAN","Men","Thiamine"
"canada_m_vita.csv","Canada","CAN","Men","Vitamin A"
"canada_m_vitb12.csv","Canada","CAN","Men","Vitamin B12"
"canada_m_vitb6.csv","Canada","CAN","Men","Vitamin B6"
"canada_m_vitd.csv","Canada","CAN","Men","Vitamin D"
"canada_m_zinc.csv","Canada","CAN","Men","Zinc"
"canada_w_calc.csv","Canada","CAN","Women","Calcium"
"canada_w_carb.csv","Canada","CAN","Women","Carbohydrates"
"canada_w_energy.csv","Canada","CAN","Women","Energy"
"canada_w_fat.csv","Canada","CAN","Women","Fat"
"canada_w_fiber.csv","Canada","CAN","Women","Fiber"
"canada_w_fola.csv","Canada","CAN","Women","Folate"
"canada_w_iron.csv","Canada","CAN","Women","Iron"
"canada_w_mg.csv","Canada","CAN","Women","Magnesium"
"canada_w_mufa.csv","Canada","CAN","Women","Monounsaturated fatty acids"
"canada_w_na.csv","Canada","CAN","Women","Sodium"
"canada_w_niac.csv","Canada","CAN","Women","Niacin"
"canada_w_omega_3.csv","Canada","CAN","Women","Omega-3 fatty acids"
"canada_w_phos.csv","Canada","CAN","Women","Phosphate"
"canada_w_pota.csv","Canada","CAN","Women","Potassium"
"canada_w_protein.csv","Canada","CAN","Women","Protein"
"canada_w_pufa.csv","Canada","CAN","Women","Polyunsaturated fatty acids"
"canada_w_ribo.csv","Canada","CAN","Women","Riboflavin"
"canada_w_satfat.csv","Canada","CAN","Women","Saturated fat"
"canada_w_sugar.csv","Canada","CAN","Women","Sugar"
"canada_w_thia.csv","Canada","CAN","Women","Thiamine"
"canada_w_vita.csv","Canada","CAN","Women","Vitamin A"
"canada_w_vitb12.csv","Canada","CAN","Women","Vitamin B12"
"canada_w_vitb6.csv","Canada","CAN","Women","Vitamin B6"
"canada_w_vitc.csv","Canada","CAN","Women","Vitamin C"
"canada_w_vitd.csv","Canada","CAN","Women","Vitamin D"
"canada_w_zinc.csv","Canada","CAN","Women","Zinc"
"china_m_b12.csv","China","CHN","Men","Vitamin B12"
"china_m_calc.csv","China","CHN","Men","Calcium"
"china_m_iron.csv","China","CHN","Men","Iron"
"china_m_omega_3.csv","China","CHN","Men","Omega-3 fatty acids"
"china_m_vita.csv","China","CHN","Men","Vitamin A"
"china_m_zinc.csv","China","CHN","Men","Zinc"
"china_w_b12.csv","China","CHN","Women","Vitamin B12"
"china_w_calc.csv","China","CHN","Women","Calcium"
"china_w_iron.csv","China","CHN","Women","Iron"
"china_w_omega_3.csv","China","CHN","Women","Omega-3 fatty acids"
"china_w_vita.csv","China","CHN","Women","Vitamin A"
"china_w_zinc.csv","China","CHN","Women","Zinc"
"estonia_m_betacarot.csv","Estonia","EST","Men","beta-Carotene"
"estonia_m_calc.csv","Estonia","EST","Men","Calcium"
"estonia_m_carb.csv","Estonia","EST","Men","Carbohydrates"
"estonia_m_cu.csv","Estonia","EST","Men","Copper"
"estonia_m_energy.csv","Estonia","EST","Men","Energy"
"estonia_m_fat.csv","Estonia","EST","Men","Fat"
"estonia_m_fiber.csv","Estonia","EST","Men","Fiber"
"estonia_m_fola.csv","Estonia","EST","Men","Folate"
"estonia_m_iod.csv","Estonia","EST","Men","Iodine"
"estonia_m_iron.csv","Estonia","EST","Men","Iron"
"estonia_m_mg.csv","Estonia","EST","Men","Magnesium"
"estonia_m_mufa.csv","Estonia","EST","Men","Monounsaturated fatty acids"
"estonia_m_na.csv","Estonia","EST","Men","Sodium"
"estonia_m_niac.csv","Estonia","EST","Men","Niacin"
"estonia_m_omega_3.csv","Estonia","EST","Men","Omega-3 fatty acids"
"estonia_m_phos.csv","Estonia","EST","Men","Phosphate"
"estonia_m_pota.csv","Estonia","EST","Men","Potassium"
"estonia_m_protein.csv","Estonia","EST","Men","Protein"
"estonia_m_pufa.csv","Estonia","EST","Men","Polyunsaturated fatty acids"
"estonia_m_ribo.csv","Estonia","EST","Men","Riboflavin"
"estonia_m_satfat.csv","Estonia","EST","Men","Saturated fat"
"estonia_m_se.csv","Estonia","EST","Men","Selenium"
"estonia_m_thia.csv","Estonia","EST","Men","Thiamine"
"estonia_m_vita.csv","Estonia","EST","Men","Vitamin A"
"estonia_m_vitb12.csv","Estonia","EST","Men","Vitamin B12"
"estonia_m_vitb6.csv","Estonia","EST","Men","Vitamin B6"
"estonia_m_vitc.csv","Estonia","EST","Men","Vitamin C"
"estonia_m_vitd.csv","Estonia","EST","Men","Vitamin D"
"estonia_m_vite.csv","Estonia","EST","Men","Vitamin E"
"estonia_m_zinc.csv","Estonia","EST","Men","Zinc"
"estonia_w_betacarot.csv","Estonia","EST","Women","beta-Carotene"
"estonia_w_calc.csv","Estonia","EST","Women","Calcium"
"estonia_w_carb.csv","Estonia","EST","Women","Carbohydrates"
"estonia_w_cu.csv","Estonia","EST","Women","Copper"
"estonia_w_energy.csv","Estonia","EST","Women","Energy"
"estonia_w_fat.csv","Estonia","EST","Women","Fat"
"estonia_w_fiber.csv","Estonia","EST","Women","Fiber"
"estonia_w_fola.csv","Estonia","EST","Women","Folate"
"estonia_w_iod.csv","Estonia","EST","Women","Iodine"
"estonia_w_iron.csv","Estonia","EST","Women","Iron"
"estonia_w_mg.csv","Estonia","EST","Women","Magnesium"
"estonia_w_mufa.csv","Estonia","EST","Women","Monounsaturated fatty acids"
"estonia_w_na.csv","Estonia","EST","Women","Sodium"
"estonia_w_niac.csv","Estonia","EST","Women","Niacin"
"estonia_w_omega_3.csv","Estonia","EST","Women","Omega-3 fatty acids"
"estonia_w_phos.csv","Estonia","EST","Women","Phosphate"
"estonia_w_pota.csv","Estonia","EST","Women","Potassium"
"estonia_w_protein.csv","Estonia","EST","Women","Protein"
"estonia_w_pufa.csv","Estonia","EST","Women","Polyunsaturated fatty acids"
"estonia_w_ribo.csv","Estonia","EST","Women","Riboflavin"
"estonia_w_satfat.csv","Estonia","EST","Women","Saturated fat"
"estonia_w_se.csv","Estonia","EST","Women","Selenium"
"estonia_w_thia.csv","Estonia","EST","Women","Thiamine"
"estonia_w_vita.csv","Estonia","EST","Women","Vitamin A"
"estonia_w_vitb12.csv","Estonia","EST","Women","Vitamin B12"
"estonia_w_vitb6.csv","Estonia","EST","Women","Vitamin B6"
"estonia_w_vitc.csv","Estonia","EST","Women","Vitamin C"
"estonia_w_vitd.csv","Estonia","EST","Women","Vitamin D"
"estonia_w_vite.csv","Estonia","EST","Women","Vitamin E"
"estonia_w_zinc.csv","Estonia","EST","Women","Zinc"
"ethiopia_w_betacarot.csv","Ethiopia","ETH","Women","beta-Carotene"
"ethiopia_w_calc.csv","Ethiopia","ETH","Women","Calcium"
"ethiopia_w_carb.csv","Ethiopia","ETH","Women","Carbohydrates"
"ethiopia_w_energy.csv","Ethiopia","ETH","Women","Energy"
"ethiopia_w_fat.csv","Ethiopia","ETH","Women","Fat"
"ethiopia_w_fiber.csv","Ethiopia","ETH","Women","Fiber"
"ethiopia_w_fola.csv","Ethiopia","ETH","Women","Folate"
"ethiopia_w_iron.csv","Ethiopia","ETH","Women","Iron"
"ethiopia_w_niac.csv","Ethiopia","ETH","Women","Niacin"
"ethiopia_w_phos.csv","Ethiopia","ETH","Women","Phosphate"
"ethiopia_w_protein.csv","Ethiopia","ETH","Women","Protein"
"ethiopia_w_ribo.csv","Ethiopia","ETH","Women","Riboflavin"
"ethiopia_w_thia.csv","Ethiopia","ETH","Women","Thiamine"
"ethiopia_w_vita.csv","Ethiopia","ETH","Women","Vitamin A"
"ethiopia_w_vitc.csv","Ethiopia","ETH","Women","Vitamin C"
"ethiopia_w_zinc.csv","Ethiopia","ETH","Women","Zinc"
"italy_m_b12.csv","Italy","ITA","Men","Vitamin B12"
"italy_m_bcarot.csv","Italy","ITA","Men","beta-Carotene"
"italy_m_calc.csv","Italy","ITA","Men","Calcium"
"italy_m_fiber.csv","Italy","ITA","Men","Fiber"
"italy_m_fola.csv","Italy","ITA","Men","Folate"
"italy_m_iron.csv","Italy","ITA","Men","Iron"
"italy_m_mg.csv","Italy","ITA","Men","Magnesium"
"italy_m_niac.csv","Italy","ITA","Men","Niacin"
"italy_m_omega_3.csv","Italy","ITA","Men","Omega-3 fatty acids"
"italy_m_phos.csv","Italy","ITA","Men","Phosphate"
"italy_m_pota.csv","Italy","ITA","Men","Potassium"
"italy_m_retol.csv","Italy","ITA","Men","???????????"
"italy_m_ribo.csv","Italy","ITA","Men","Riboflavin"
"italy_m_thia.csv","Italy","ITA","Men","Thiamine"
"italy_m_vita.csv","Italy","ITA","Men","Vitamin A"
"italy_m_vitb6.csv","Italy","ITA","Men","Vitamin B6"
"italy_m_vitc.csv","Italy","ITA","Men","Vitamin C"
"italy_m_vitd.csv","Italy","ITA","Men","Vitamin D"
"italy_m_vite.csv","Italy","ITA","Men","Vitamin E"
"italy_w_b12.csv","Italy","ITA","Women","Vitamin B12"
"italy_w_bcarot.csv","Italy","ITA","Women","beta-Carotene"
"italy_w_calc.csv","Italy","ITA","Women","Calcium"
"italy_w_fiber.csv","Italy","ITA","Women","Fiber"
"italy_w_fola.csv","Italy","ITA","Women","Folate"
"italy_w_iron.csv","Italy","ITA","Women","Iron"
"italy_w_mg.csv","Italy","ITA","Women","Magnesium"
"italy_w_niac.csv","Italy","ITA","Women","Niacin"
"italy_w_omega_3.csv","Italy","ITA","Women","Omega-3 fatty acids"
"italy_w_phos.csv","Italy","ITA","Women","Phosphate"
"italy_w_pota.csv","Italy","ITA","Women","Potassium"
"italy_w_retol.csv","Italy","ITA","Women","???????????"
"italy_w_ribo.csv","Italy","ITA","Women","Riboflavin"
"italy_w_thia.csv","Italy","ITA","Women","Thiamine"
"italy_w_vita.csv","Italy","ITA","Women","Vitamin A"
"italy_w_vitb6.csv","Italy","ITA","Women","Vitamin B6"
"italy_w_vitc.csv","Italy","ITA","Women","Vitamin C"
"italy_w_vitd.csv","Italy","ITA","Women","Vitamin D"
"italy_w_vite.csv","Italy","ITA","Women","Vitamin E"
"kenya_m_carb.csv","Kenya","KEN","Men","Carbohydrates"
"kenya_m_energy.csv","Kenya","KEN","Men","Energy"
"kenya_m_fat.csv","Kenya","KEN","Men","Fat"
"kenya_m_fiber.csv","Kenya","KEN","Men","Fiber"
"kenya_m_fola.csv","Kenya","KEN","Men","Folate"
"kenya_m_iron.csv","Kenya","KEN","Men","Iron"
"kenya_m_niac.csv","Kenya","KEN","Men","Niacin"
"kenya_m_protein.csv","Kenya","KEN","Men","Protein"
"kenya_m_ribo.csv","Kenya","KEN","Men","Riboflavin"
"kenya_m_thia.csv","Kenya","KEN","Men","Thiamine"
"kenya_m_vita.csv","Kenya","KEN","Men","Vitamin A"
"kenya_m_vitb6.csv","Kenya","KEN","Men","Vitamin B6"
"kenya_m_vitc.csv","Kenya","KEN","Men","Vitamin C"
"kenya_m_zinc.csv","Kenya","KEN","Men","Zinc"
"kenya_w_betacarot.csv","Kenya","KEN","Women","beta-Carotene"
"kenya_w_carb.csv","Kenya","KEN","Women","Carbohydrates"
"kenya_w_energy.csv","Kenya","KEN","Women","Energy"
"kenya_w_fat.csv","Kenya","KEN","Women","Fat"
"kenya_w_fiber.csv","Kenya","KEN","Women","Fiber"
"kenya_w_fola.csv","Kenya","KEN","Women","Folate"
"kenya_w_iron.csv","Kenya","KEN","Women","Iron"
"kenya_w_niac.csv","Kenya","KEN","Women","Niacin"
"kenya_w_protein.csv","Kenya","KEN","Women","Protein"
"kenya_w_ribo.csv","Kenya","KEN","Women","Riboflavin"
"kenya_w_thia.csv","Kenya","KEN","Women","Thiamine"
"kenya_w_vita.csv","Kenya","KEN","Women","Vitamin A"
"kenya_w_vitb6.csv","Kenya","KEN","Women","Vitamin B6"
"kenya_w_vitc.csv","Kenya","KEN","Women","Vitamin C"
"kenya_w_zinc.csv","Kenya","KEN","Women","Zinc"
"lao_m_b12.csv","Laos","LAO","Men","Vitamin B12"
"lao_m_calc.csv","Laos","LAO","Men","Calcium"
"lao_m_carb.csv","Laos","LAO","Men","Carbohydrates"
"lao_m_energy.csv","Laos","LAO","Men","Energy"
"lao_m_fat.csv","Laos","LAO","Men","Fat"
"lao_m_iron.csv","Laos","LAO","Men","Iron"
"lao_m_na.csv","Laos","LAO","Men","Sodium"
"lao_m_omega_3.csv","Laos","LAO","Men","Omega-3 fatty acids"
"lao_m_protein.csv","Laos","LAO","Men","Protein"
"lao_m_ribo.csv","Laos","LAO","Men","Riboflavin"
"lao_m_vita.csv","Laos","LAO","Men","Vitamin A"
"lao_m_vitc.csv","Laos","LAO","Men","Vitamin C"
"lao_m_zinc.csv","Laos","LAO","Men","Zinc"
"lao_w_b12.csv","Laos","LAO","Women","Vitamin B12"
"lao_w_calc.csv","Laos","LAO","Women","Calcium"
"lao_w_carb.csv","Laos","LAO","Women","Carbohydrates"
"lao_w_energy.csv","Laos","LAO","Women","Energy"
"lao_w_fat.csv","Laos","LAO","Women","Fat"
"lao_w_iron.csv","Laos","LAO","Women","Iron"
"lao_w_na.csv","Laos","LAO","Women","Sodium"
"lao_w_omega_3.csv","Laos","LAO","Women","Omega-3 fatty acids"
"lao_w_protein.csv","Laos","LAO","Women","Protein"
"lao_w_ribo.csv","Laos","LAO","Women","Riboflavin"
"lao_w_vita.csv","Laos","LAO","Women","Vitamin A"
"lao_w_vitc.csv","Laos","LAO","Women","Vitamin C"
"lao_w_zinc.csv","Laos","LAO","Women","Zinc"
"mexico_m_b12.csv","Mexico","MEX","Men","Vitamin B12"
"mexico_m_betacarot.csv","Mexico","MEX","Men","beta-Carotene"
"mexico_m_calc.csv","Mexico","MEX","Men","Calcium"
"mexico_m_carb.csv","Mexico","MEX","Men","Carbohydrates"
"mexico_m_cu.csv","Mexico","MEX","Men","Copper"
"mexico_m_energy.csv","Mexico","MEX","Men","Energy"
"mexico_m_fat.csv","Mexico","MEX","Men","Fat"
"mexico_m_fiber.csv","Mexico","MEX","Men","Fiber"
"mexico_m_fola.csv","Mexico","MEX","Men","Folate"
"mexico_m_iron.csv","Mexico","MEX","Men","Iron"
"mexico_m_mang.csv","Mexico","MEX","Men","Manganese"
"mexico_m_mg.csv","Mexico","MEX","Men","Magnesium"
"mexico_m_mufa.csv","Mexico","MEX","Men","Monounsaturated fatty acids"
"mexico_m_na.csv","Mexico","MEX","Men","Sodium"
"mexico_m_niac.csv","Mexico","MEX","Men","Niacin"
"mexico_m_omega_3.csv","Mexico","MEX","Men","Omega-3 fatty acids"
"mexico_m_phos.csv","Mexico","MEX","Men","Phosphate"
"mexico_m_pota.csv","Mexico","MEX","Men","Potassium"
"mexico_m_protein.csv","Mexico","MEX","Men","Protein"
"mexico_m_pufa.csv","Mexico","MEX","Men","Polyunsaturated fatty acids"
"mexico_m_ribo.csv","Mexico","MEX","Men","Riboflavin"
"mexico_m_satfat.csv","Mexico","MEX","Men","Saturated fat"
"mexico_m_se.csv","Mexico","MEX","Men","Selenium"
"mexico_m_sugar.csv","Mexico","MEX","Men","Sugar"
"mexico_m_thia.csv","Mexico","MEX","Men","Thiamine"
"mexico_m_vita.csv","Mexico","MEX","Men","Vitamin A"
"mexico_m_vitb6.csv","Mexico","MEX","Men","Vitamin B6"
"mexico_m_vitc.csv","Mexico","MEX","Men","Vitamin C"
"mexico_m_vitd.csv","Mexico","MEX","Men","Vitamin D"
"mexico_m_vite.csv","Mexico","MEX","Men","Vitamin E"
"mexico_m_vitk.csv","Mexico","MEX","Men","Vitamin K"
"mexico_m_zinc.csv","Mexico","MEX","Men","Zinc"
"mexico_w_b12.csv","Mexico","MEX","Women","Vitamin B12"
"mexico_w_betacarot.csv","Mexico","MEX","Women","beta-Carotene"
"mexico_w_calc.csv","Mexico","MEX","Women","Calcium"
"mexico_w_carb.csv","Mexico","MEX","Women","Carbohydrates"
"mexico_w_cu.csv","Mexico","MEX","Women","Copper"
"mexico_w_energy.csv","Mexico","MEX","Women","Energy"
"mexico_w_fat.csv","Mexico","MEX","Women","Fat"
"mexico_w_fiber.csv","Mexico","MEX","Women","Fiber"
"mexico_w_fola.csv","Mexico","MEX","Women","Folate"
"mexico_w_iron.csv","Mexico","MEX","Women","Iron"
"mexico_w_mang.csv","Mexico","MEX","Women","Manganese"
"mexico_w_mg.csv","Mexico","MEX","Women","Magnesium"
"mexico_w_mufa.csv","Mexico","MEX","Women","Monounsaturated fatty acids"
"mexico_w_na.csv","Mexico","MEX","Women","Sodium"
"mexico_w_niac.csv","Mexico","MEX","Women","Niacin"
"mexico_w_omega_3.csv","Mexico","MEX","Women","Omega-3 fatty acids"
"mexico_w_phos.csv","Mexico","MEX","Women","Phosphate"
"mexico_w_pota.csv","Mexico","MEX","Women","Potassium"
"mexico_w_protein.csv","Mexico","MEX","Women","Protein"
"mexico_w_pufa.csv","Mexico","MEX","Women","Polyunsaturated fatty acids"
"mexico_w_ribo.csv","Mexico","MEX","Women","Riboflavin"
"mexico_w_satfat.csv","Mexico","MEX","Women","Saturated fat"
"mexico_w_se.csv","Mexico","MEX","Women","Selenium"
"mexico_w_sugar.csv","Mexico","MEX","Women","Sugar"
"mexico_w_thia.csv","Mexico","MEX","Women","Thiamine"
"mexico_w_vita.csv","Mexico","MEX","Women","Vitamin A"
"mexico_w_vitb6.csv","Mexico","MEX","Women","Vitamin B6"
"mexico_w_vitc.csv","Mexico","MEX","Women","Vitamin C"
"mexico_w_vitd.csv","Mexico","MEX","Women","Vitamin D"
"mexico_w_vite.csv","Mexico","MEX","Women","Vitamin E"
"mexico_w_vitk.csv","Mexico","MEX","Women","Vitamin K"
"mexico_w_zinc.csv","Mexico","MEX","Women","Zinc"
"netherlands_m_ala.csv","Netherlands","NLD","Men","???????????"
"netherlands_m_alcohol.csv","Netherlands","NLD","Men","Alcohol"
"netherlands_m_betacarot.csv","Netherlands","NLD","Men","beta-Carotene"
"netherlands_m_calc.csv","Netherlands","NLD","Men","Calcium"
"netherlands_m_carb.csv","Netherlands","NLD","Men","Carbohydrates"
"netherlands_m_cholest.csv","Netherlands","NLD","Men","Cholestral"
"netherlands_m_cu.csv","Netherlands","NLD","Men","Copper"
"netherlands_m_energy.csv","Netherlands","NLD","Men","Energy"
"netherlands_m_fat.csv","Netherlands","NLD","Men","Fat"
"netherlands_m_fiber.csv","Netherlands","NLD","Men","Fiber"
"netherlands_m_fola.csv","Netherlands","NLD","Men","Folate"
"netherlands_m_iod.csv","Netherlands","NLD","Men","Iodine"
"netherlands_m_iron.csv","Netherlands","NLD","Men","Iron"
"netherlands_m_la.csv","Netherlands","NLD","Men","Lanthanum"
"netherlands_m_mg.csv","Netherlands","NLD","Men","Magnesium"
"netherlands_m_mufa.csv","Netherlands","NLD","Men","Monounsaturated fatty acids"
"netherlands_m_na.csv","Netherlands","NLD","Men","Sodium"
"netherlands_m_niac.csv","Netherlands","NLD","Men","Niacin"
"netherlands_m_omega_3.csv","Netherlands","NLD","Men","Omega-3 fatty acids"
"netherlands_m_phos.csv","Netherlands","NLD","Men","Phosphate"
"netherlands_m_pota.csv","Netherlands","NLD","Men","Potassium"
"netherlands_m_protein.csv","Netherlands","NLD","Men","Protein"
"netherlands_m_pufa.csv","Netherlands","NLD","Men","Polyunsaturated fatty acids"
"netherlands_m_ribo.csv","Netherlands","NLD","Men","Riboflavin"
"netherlands_m_se.csv","Netherlands","NLD","Men","Selenium"
"netherlands_m_sfa.csv","Netherlands","NLD","Men","Saturated fat"
"netherlands_m_tfa.csv","Netherlands","NLD","Men","Total fat"
"netherlands_m_thia.csv","Netherlands","NLD","Men","Thiamine"
"netherlands_m_vita.csv","Netherlands","NLD","Men","Vitamin A"
"netherlands_m_vitb12.csv","Netherlands","NLD","Men","Vitamin B12"
"netherlands_m_vitb6.csv","Netherlands","NLD","Men","Vitamin B6"
"netherlands_m_vitc.csv","Netherlands","NLD","Men","Vitamin C"
"netherlands_m_vitd.csv","Netherlands","NLD","Men","Vitamin D"
"netherlands_m_vite.csv","Netherlands","NLD","Men","Vitamin E"
"netherlands_m_vitk.csv","Netherlands","NLD","Men","Vitamin K"
"netherlands_m_zinc.csv","Netherlands","NLD","Men","Zinc"
"netherlands_w_ala.csv","Netherlands","NLD","Women","???????????"
"netherlands_w_alcohol.csv","Netherlands","NLD","Women","Alcohol"
"netherlands_w_betacarot.csv","Netherlands","NLD","Women","beta-Carotene"
"netherlands_w_calc.csv","Netherlands","NLD","Women","Calcium"
"netherlands_w_carb.csv","Netherlands","NLD","Women","Carbohydrates"
"netherlands_w_cholest.csv","Netherlands","NLD","Women","Cholestral"
"netherlands_w_cu.csv","Netherlands","NLD","Women","Copper"
"netherlands_w_energy.csv","Netherlands","NLD","Women","Energy"
"netherlands_w_fat.csv","Netherlands","NLD","Women","Fat"
"netherlands_w_fiber.csv","Netherlands","NLD","Women","Fiber"
"netherlands_w_fola.csv","Netherlands","NLD","Women","Folate"
"netherlands_w_iod.csv","Netherlands","NLD","Women","Iodine"
"netherlands_w_iron.csv","Netherlands","NLD","Women","Iron"
"netherlands_w_la.csv","Netherlands","NLD","Women","Lanthanum"
"netherlands_w_mg.csv","Netherlands","NLD","Women","Magnesium"
"netherlands_w_mufa.csv","Netherlands","NLD","Women","Monounsaturated fatty acids"
"netherlands_w_na.csv","Netherlands","NLD","Women","Sodium"
"netherlands_w_niac.csv","Netherlands","NLD","Women","Niacin"
"netherlands_w_omega_3.csv","Netherlands","NLD","Women","Omega-3 fatty acids"
"netherlands_w_phos.csv","Netherlands","NLD","Women","Phosphate"
"netherlands_w_pota.csv","Netherlands","NLD","Women","Potassium"
"netherlands_w_protein.csv","Netherlands","NLD","Women","Protein"
"netherlands_w_pufa.csv","Netherlands","NLD","Women","Polyunsaturated fatty acids"
"netherlands_w_ribo.csv","Netherlands","NLD","Women","Riboflavin"
"netherlands_w_se.csv","Netherlands","NLD","Women","Selenium"
"netherlands_w_sfa.csv","Netherlands","NLD","Women","Saturated fat"
"netherlands_w_tfa.csv","Netherlands","NLD","Women","Total fat"
"netherlands_w_thia.csv","Netherlands","NLD","Women","Thiamine"
"netherlands_w_vita.csv","Netherlands","NLD","Women","Vitamin A"
"netherlands_w_vitb12.csv","Netherlands","NLD","Women","Vitamin B12"
"netherlands_w_vitb6.csv","Netherlands","NLD","Women","Vitamin B6"
"netherlands_w_vitc.csv","Netherlands","NLD","Women","Vitamin C"
"netherlands_w_vitd.csv","Netherlands","NLD","Women","Vitamin D"
"netherlands_w_vite.csv","Netherlands","NLD","Women","Vitamin E"
"netherlands_w_vitk.csv","Netherlands","NLD","Women","Vitamin K"
"netherlands_w_zinc.csv","Netherlands","NLD","Women","Zinc"
"phil_w_b12.csv","Philippines","PHL","Women","Vitamin B12"
"phil_w_calc.csv","Philippines","PHL","Women","Calcium"
"phil_w_carb.csv","Philippines","PHL","Women","Carbohydrates"
"phil_w_energy.csv","Philippines","PHL","Women","Energy"
"phil_w_fat.csv","Philippines","PHL","Women","Fat"
"phil_w_iron.csv","Philippines","PHL","Women","Iron"
"phil_w_niac.csv","Philippines","PHL","Women","Niacin"
"phil_w_omega_3.csv","Philippines","PHL","Women","Omega-3 fatty acids"
"phil_w_protein.csv","Philippines","PHL","Women","Protein"
"phil_w_ribo.csv","Philippines","PHL","Women","Riboflavin"
"phil_w_thia.csv","Philippines","PHL","Women","Thiamine"
"phil_w_vita.csv","Philippines","PHL","Women","Vitamin A"
"phil_w_vitc.csv","Philippines","PHL","Women","Vitamin C"
"phil_w_zinc.csv","Philippines","PHL","Women","Zinc"
"portugal_m_calc.csv","Portugal","PRT","Men","Calcium"
"portugal_m_carb.csv","Portugal","PRT","Men","Carbohydrates"
"portugal_m_energy.csv","Portugal","PRT","Men","Energy"
"portugal_m_fat.csv","Portugal","PRT","Men","Fat"
"portugal_m_fiber.csv","Portugal","PRT","Men","Fiber"
"portugal_m_fola.csv","Portugal","PRT","Men","Folate"
"portugal_m_iron.csv","Portugal","PRT","Men","Iron"
"portugal_m_mg.csv","Portugal","PRT","Men","Magnesium"
"portugal_m_mufa.csv","Portugal","PRT","Men","Monounsaturated fatty acids"
"portugal_m_na.csv","Portugal","PRT","Men","Sodium"
"portugal_m_niac.csv","Portugal","PRT","Men","Niacin"
"portugal_m_omega_3.csv","Portugal","PRT","Men","Omega-3 fatty acids"
"portugal_m_phos.csv","Portugal","PRT","Men","Phosphate"
"portugal_m_pota.csv","Portugal","PRT","Men","Potassium"
"portugal_m_protein.csv","Portugal","PRT","Men","Protein"
"portugal_m_pufa.csv","Portugal","PRT","Men","Polyunsaturated fatty acids"
"portugal_m_ribo.csv","Portugal","PRT","Men","Riboflavin"
"portugal_m_satfat.csv","Portugal","PRT","Men","Saturated fat"
"portugal_m_tfat.csv","Portugal","PRT","Men","Total fat"
"portugal_m_thia.csv","Portugal","PRT","Men","Thiamine"
"portugal_m_vita.csv","Portugal","PRT","Men","Vitamin A"
"portugal_m_vitb12.csv","Portugal","PRT","Men","Vitamin B12"
"portugal_m_vitb6.csv","Portugal","PRT","Men","Vitamin B6"
"portugal_m_vitc.csv","Portugal","PRT","Men","Vitamin C"
"portugal_m_vitd.csv","Portugal","PRT","Men","Vitamin D"
"portugal_m_vite.csv","Portugal","PRT","Men","Vitamin E"
"portugal_m_zinc.csv","Portugal","PRT","Men","Zinc"
"portugal_w_calc.csv","Portugal","PRT","Women","Calcium"
"portugal_w_carb.csv","Portugal","PRT","Women","Carbohydrates"
"portugal_w_energy.csv","Portugal","PRT","Women","Energy"
"portugal_w_fat.csv","Portugal","PRT","Women","Fat"
"portugal_w_fiber.csv","Portugal","PRT","Women","Fiber"
"portugal_w_fola.csv","Portugal","PRT","Women","Folate"
"portugal_w_iron.csv","Portugal","PRT","Women","Iron"
"portugal_w_mg.csv","Portugal","PRT","Women","Magnesium"
"portugal_w_mufa.csv","Portugal","PRT","Women","Monounsaturated fatty acids"
"portugal_w_na.csv","Portugal","PRT","Women","Sodium"
"portugal_w_niac.csv","Portugal","PRT","Women","Niacin"
"portugal_w_omega_3.csv","Portugal","PRT","Women","Omega-3 fatty acids"
"portugal_w_phos.csv","Portugal","PRT","Women","Phosphate"
"portugal_w_pota.csv","Portugal","PRT","Women","Potassium"
"portugal_w_protein.csv","Portugal","PRT","Women","Protein"
"portugal_w_pufa.csv","Portugal","PRT","Women","Polyunsaturated fatty acids"
"portugal_w_ribo.csv","Portugal","PRT","Women","Riboflavin"
"portugal_w_satfat.csv","Portugal","PRT","Women","Saturated fat"
"portugal_w_tfat.csv","Portugal","PRT","Women","Total fat"
"portugal_w_thia.csv","Portugal","PRT","Women","Thiamine"
"portugal_w_vita.csv","Portugal","PRT","Women","Vitamin A"
"portugal_w_vitb12.csv","Portugal","PRT","Women","Vitamin B12"
"portugal_w_vitb6.csv","Portugal","PRT","Women","Vitamin B6"
"portugal_w_vitc.csv","Portugal","PRT","Women","Vitamin C"
"portugal_w_vitd.csv","Portugal","PRT","Women","Vitamin D"
"portugal_w_vite.csv","Portugal","PRT","Women","Vitamin E"
"portugal_w_zinc.csv","Portugal","PRT","Women","Zinc"
"rom_m_b12.csv","Romania","ROU","Men","Vitamin B12"
"rom_m_betacarot.csv","Romania","ROU","Men","beta-Carotene"
"rom_m_calc.csv","Romania","ROU","Men","Calcium"
"rom_m_carb.csv","Romania","ROU","Men","Carbohydrates"
"rom_m_chol.csv","Romania","ROU","Men","Cholestral"
"rom_m_cu.csv","Romania","ROU","Men","Copper"
"rom_m_energy.csv","Romania","ROU","Men","Energy"
"rom_m_fat.csv","Romania","ROU","Men","Fat"
"rom_m_fiber.csv","Romania","ROU","Men","Fiber"
"rom_m_fola.csv","Romania","ROU","Men","Folate"
"rom_m_iron.csv","Romania","ROU","Men","Iron"
"rom_m_mg.csv","Romania","ROU","Men","Magnesium"
"rom_m_mufa.csv","Romania","ROU","Men","Monounsaturated fatty acids"
"rom_m_na.csv","Romania","ROU","Men","Sodium"
"rom_m_niac.csv","Romania","ROU","Men","Niacin"
"rom_m_omega_3.csv","Romania","ROU","Men","Omega-3 fatty acids"
"rom_m_omega6.csv","Romania","ROU","Men","Omega-6 fatty acids"
"rom_m_phos.csv","Romania","ROU","Men","Phosphate"
"rom_m_plantomega3.csv","Romania","ROU","Men","Plant-based omega-3 fatty acids"
"rom_m_pota.csv","Romania","ROU","Men","Potassium"
"rom_m_protein.csv","Romania","ROU","Men","Protein"
"rom_m_pufa.csv","Romania","ROU","Men","Polyunsaturated fatty acids"
"rom_m_ribo.csv","Romania","ROU","Men","Riboflavin"
"rom_m_satfat.csv","Romania","ROU","Men","Saturated fat"
"rom_m_se.csv","Romania","ROU","Men","Selenium"
"rom_m_thia.csv","Romania","ROU","Men","Thiamine"
"rom_m_vita.csv","Romania","ROU","Men","Vitamin A"
"rom_m_vitb6.csv","Romania","ROU","Men","Vitamin B6"
"rom_m_vitc.csv","Romania","ROU","Men","Vitamin C"
"rom_m_vitd.csv","Romania","ROU","Men","Vitamin D"
"rom_m_vite.csv","Romania","ROU","Men","Vitamin E"
"rom_m_vitk.csv","Romania","ROU","Men","Vitamin K"
"rom_m_zinc.csv","Romania","ROU","Men","Zinc"
"rom_w_b12.csv","Romania","ROU","Women","Vitamin B12"
"rom_w_betacarot.csv","Romania","ROU","Women","beta-Carotene"
"rom_w_calc.csv","Romania","ROU","Women","Calcium"
"rom_w_carb.csv","Romania","ROU","Women","Carbohydrates"
"rom_w_chol.csv","Romania","ROU","Women","Cholestral"
"rom_w_cu.csv","Romania","ROU","Women","Copper"
"rom_w_energy.csv","Romania","ROU","Women","Energy"
"rom_w_fat.csv","Romania","ROU","Women","Fat"
"rom_w_fiber.csv","Romania","ROU","Women","Fiber"
"rom_w_fola.csv","Romania","ROU","Women","Folate"
"rom_w_iron.csv","Romania","ROU","Women","Iron"
"rom_w_mg.csv","Romania","ROU","Women","Magnesium"
"rom_w_mufa.csv","Romania","ROU","Women","Monounsaturated fatty acids"
"rom_w_na.csv","Romania","ROU","Women","Sodium"
"rom_w_niac.csv","Romania","ROU","Women","Niacin"
"rom_w_omega_3.csv","Romania","ROU","Women","Omega-3 fatty acids"
"rom_w_omega6.csv","Romania","ROU","Women","Omega-6 fatty acids"
"rom_w_phos.csv","Romania","ROU","Women","Phosphate"
"rom_w_plantomega3.csv","Romania","ROU","Women","Plant-based omega-3 fatty acids"
"rom_w_pota.csv","Romania","ROU","Women","Potassium"
"rom_w_protein.csv","Romania","ROU","Women","Protein"
"rom_w_pufa.csv","Romania","ROU","Women","Polyunsaturated fatty acids"
"rom_w_ribo.csv","Romania","ROU","Women","Riboflavin"
"rom_w_satfat.csv","Romania","ROU","Women","Saturated fat"
"rom_w_se.csv","Romania","ROU","Women","Selenium"
"rom_w_tfat.csv","Romania","ROU","Women","Total fat"
"rom_w_thia.csv","Romania","ROU","Women","Thiamine"
"rom_w_vita.csv","Romania","ROU","Women","Vitamin A"
"rom_w_vitb6.csv","Romania","ROU","Women","Vitamin B6"
"rom_w_vitc.csv","Romania","ROU","Women","Vitamin C"
"rom_w_vitd.csv","Romania","ROU","Women","Vitamin D"
"rom_w_vite.csv","Romania","ROU","Women","Vitamin E"
"rom_w_vitk.csv","Romania","ROU","Women","Vitamin K"
"rom_w_zinc.csv","Romania","ROU","Women","Zinc"
"sweden_m_calc.csv","Sweden","SWE","Men","Calcium"
"sweden_m_carb.csv","Sweden","SWE","Men","Carbohydrates"
"sweden_m_energy.csv","Sweden","SWE","Men","Energy"
"sweden_m_fat.csv","Sweden","SWE","Men","Fat"
"sweden_m_fiber.csv","Sweden","SWE","Men","Fiber"
"sweden_m_iron.csv","Sweden","SWE","Men","Iron"
"sweden_m_protein.csv","Sweden","SWE","Men","Protein"
"sweden_m_sucrose.csv","Sweden","SWE","Men","Sucrose"
"sweden_m_vita.csv","Sweden","SWE","Men","Vitamin A"
"sweden_m_vitb12.csv","Sweden","SWE","Men","Vitamin B12"
"sweden_m_zinc.csv","Sweden","SWE","Men","Zinc"
"sweden_w_calc.csv","Sweden","SWE","Women","Calcium"
"sweden_w_carb.csv","Sweden","SWE","Women","Carbohydrates"
"sweden_w_energy.csv","Sweden","SWE","Women","Energy"
"sweden_w_fat.csv","Sweden","SWE","Women","Fat"
"sweden_w_fiber.csv","Sweden","SWE","Women","Fiber"
"sweden_w_iron.csv","Sweden","SWE","Women","Iron"
"sweden_w_protein.csv","Sweden","SWE","Women","Protein"
"sweden_w_sucrose.csv","Sweden","SWE","Women","Sucrose"
"sweden_w_vita.csv","Sweden","SWE","Women","Vitamin A"
"sweden_w_vitb12.csv","Sweden","SWE","Women","Vitamin B12"
"sweden_w_zinc.csv","Sweden","SWE","Women","Zinc"
"uganda_h_w_b12.csv","Uganda","UGA","H women","Vitamin B12"
"uganda_h_w_calc.csv","Uganda","UGA","H women","Calcium"
"uganda_h_w_iron.csv","Uganda","UGA","H women","Iron"
"uganda_h_w_omega_3.csv","Uganda","UGA","H women","Omega-3 fatty acids"
"uganda_h_w_vita.csv","Uganda","UGA","H women","Vitamin A"
"uganda_h_w_zinc.csv","Uganda","UGA","H women","Zinc"
"uganda_w_alphacarot.csv","Uganda","UGA","Women","alpha-Carotene"
"uganda_w_betacarot.csv","Uganda","UGA","Women","beta-Carotene"
"uganda_w_betacrypt.csv","Uganda","UGA","Women","???????????"
"uganda_w_calc.csv","Uganda","UGA","Women","Calcium"
"uganda_w_carb.csv","Uganda","UGA","Women","Carbohydrates"
"uganda_w_energy.csv","Uganda","UGA","Women","Energy"
"uganda_w_fat.csv","Uganda","UGA","Women","Fat"
"uganda_w_fiber.csv","Uganda","UGA","Women","Fiber"
"uganda_w_fola.csv","Uganda","UGA","Women","Folate"
"uganda_w_iron.csv","Uganda","UGA","Women","Iron"
"uganda_w_niac.csv","Uganda","UGA","Women","Niacin"
"uganda_w_omega_3.csv","Uganda","UGA","Women","Omega-3 fatty acids"
"uganda_w_protein.csv","Uganda","UGA","Women","Protein"
"uganda_w_retinol.csv","Uganda","UGA","Women","???????????"
"uganda_w_ribo.csv","Uganda","UGA","Women","Riboflavin"
"uganda_w_thia.csv","Uganda","UGA","Women","Thiamine"
"uganda_w_vita.csv","Uganda","UGA","Women","Vitamin A"
"uganda_w_vitb12.csv","Uganda","UGA","Women","Vitamin B12"
"uganda_w_vitb6.csv","Uganda","UGA","Women","Vitamin B6"
"uganda_w_vitc.csv","Uganda","UGA","Women","Vitamin C"
"uganda_w_zinc.csv","Uganda","UGA","Women","Zinc"
"usa_m_alphacarot.csv","United States","USA","Men","alpha-Carotene"
"usa_m_b12.csv","United States","USA","Men","Vitamin B12"
"usa_m_betacarot.csv","United States","USA","Men","beta-Carotene"
"usa_m_betacrypt.csv","United States","USA","Men","???????????"
"usa_m_calc.csv","United States","USA","Men","Calcium"
"usa_m_carb.csv","United States","USA","Men","Carbohydrates"
"usa_m_chol.csv","United States","USA","Men","Cholestral"
"usa_m_cu.csv","United States","USA","Men","Copper"
"usa_m_energy.csv","United States","USA","Men","Energy"
"usa_m_fat.csv","United States","USA","Men","Fat"
"usa_m_fiber.csv","United States","USA","Men","Fiber"
"usa_m_fola.csv","United States","USA","Men","Folate"
"usa_m_iron.csv","United States","USA","Men","Iron"
"usa_m_lutzea.csv","United States","USA","Men","???????????"
"usa_m_lyco.csv","United States","USA","Men","???????????"
"usa_m_mg.csv","United States","USA","Men","Magnesium"
"usa_m_mufa.csv","United States","USA","Men","Monounsaturated fatty acids"
"usa_m_na.csv","United States","USA","Men","Sodium"
"usa_m_niac.csv","United States","USA","Men","Niacin"
"usa_m_omega_3.csv","United States","USA","Men","Omega-3 fatty acids"
"usa_m_phos.csv","United States","USA","Men","Phosphate"
"usa_m_pota.csv","United States","USA","Men","Potassium"
"usa_m_protein.csv","United States","USA","Men","Protein"
"usa_m_pufa.csv","United States","USA","Men","Polyunsaturated fatty acids"
"usa_m_retinol.csv","United States","USA","Men","???????????"
"usa_m_ribo.csv","United States","USA","Men","Riboflavin"
"usa_m_satfat.csv","United States","USA","Men","Saturated fat"
"usa_m_se.csv","United States","USA","Men","Selenium"
"usa_m_sugar.csv","United States","USA","Men","Sugar"
"usa_m_theo.csv","United States","USA","Men","???????????"
"usa_m_thia.csv","United States","USA","Men","Thiamine"
"usa_m_vita.csv","United States","USA","Men","Vitamin A"
"usa_m_vitb12.csv","United States","USA","Men","Vitamin B12"
"usa_m_vitb6.csv","United States","USA","Men","Vitamin B6"
"usa_m_vitd.csv","United States","USA","Men","Vitamin D"
"usa_m_vite.csv","United States","USA","Men","Vitamin E"
"usa_m_vitk.csv","United States","USA","Men","Vitamin K"
"usa_m_zinc.csv","United States","USA","Men","Zinc"
"usa_w_alphacarot.csv","United States","USA","Women","alpha-Carotene"
"usa_w_b12.csv","United States","USA","Women","Vitamin B12"
"usa_w_betacarot.csv","United States","USA","Women","beta-Carotene"
"usa_w_calc.csv","United States","USA","Women","Calcium"
"usa_w_carb.csv","United States","USA","Women","Carbohydrates"
"usa_w_chol.csv","United States","USA","Women","Cholestral"
"usa_w_cu.csv","United States","USA","Women","Copper"
"usa_w_energy.csv","United States","USA","Women","Energy"
"usa_w_fat.csv","United States","USA","Women","Fat"
"usa_w_fiber.csv","United States","USA","Women","Fiber"
"usa_w_fola.csv","United States","USA","Women","Folate"
"usa_w_iron.csv","United States","USA","Women","Iron"
"usa_w_lutzea.csv","United States","USA","Women","???????????"
"usa_w_lyco.csv","United States","USA","Women","???????????"
"usa_w_mg.csv","United States","USA","Women","Magnesium"
"usa_w_mufa.csv","United States","USA","Women","Monounsaturated fatty acids"
"usa_w_na.csv","United States","USA","Women","Sodium"
"usa_w_niac.csv","United States","USA","Women","Niacin"
"usa_w_omega_3.csv","United States","USA","Women","Omega-3 fatty acids"
"usa_w_phos.csv","United States","USA","Women","Phosphate"
"usa_w_pota.csv","United States","USA","Women","Potassium"
"usa_w_protein.csv","United States","USA","Women","Protein"
"usa_w_pufa.csv","United States","USA","Women","Polyunsaturated fatty acids"
"usa_w_retinol.csv","United States","USA","Women","???????????"
"usa_w_ribo.csv","United States","USA","Women","Riboflavin"
"usa_w_satfat.csv","United States","USA","Women","Saturated fat"
"usa_w_se.csv","United States","USA","Women","Selenium"
"usa_w_sugar.csv","United States","USA","Women","Sugar"
"usa_w_theo.csv","United States","USA","Women","???????????"
"usa_w_thia.csv","United States","USA","Women","Thiamine"
"usa_w_vita.csv","United States","USA","Women","Vitamin A"
"usa_w_vitb12.csv","United States","USA","Women","Vitamin B12"
"usa_w_vitb6.csv","United States","USA","Women","Vitamin B6"
"usa_w_vitd.csv","United States","USA","Women","Vitamin D"
"usa_w_vite.csv","United States","USA","Women","Vitamin E"
"usa_w_vitk.csv","United States","USA","Women","Vitamin K"
"usa_w_zinc.csv","United States","USA","Women","Zinc"
"zambia_w_alphacarot.csv","Zambia","ZMB","Women","alpha-Carotene"
"zambia_w_b12.csv","Zambia","ZMB","Women","Vitamin B12"
"zambia_w_betacarot.csv","Zambia","ZMB","Women","beta-Carotene"
"zambia_w_betacrypt.csv","Zambia","ZMB","Women","???????????"
"zambia_w_calc.csv","Zambia","ZMB","Women","Calcium"
"zambia_w_carb.csv","Zambia","ZMB","Women","Carbohydrates"
"zambia_w_energy.csv","Zambia","ZMB","Women","Energy"
"zambia_w_fat.csv","Zambia","ZMB","Women","Fat"
"zambia_w_fiber.csv","Zambia","ZMB","Women","Fiber"
"zambia_w_fola.csv","Zambia","ZMB","Women","Folate"
"zambia_w_iron.csv","Zambia","ZMB","Women","Iron"
"zambia_w_niac.csv","Zambia","ZMB","Women","Niacin"
"zambia_w_omega_3.csv","Zambia","ZMB","Women","Omega-3 fatty acids"
"zambia_w_protein.csv","Zambia","ZMB","Women","Protein"
"zambia_w_retinol.csv","Zambia","ZMB","Women","???????????"
"zambia_w_ribo.csv","Zambia","ZMB","Women","Riboflavin"
"zambia_w_thia.csv","Zambia","ZMB","Women","Thiamine"
"zambia_w_vita.csv","Zambia","ZMB","Women","Vitamin A"
"zambia_w_vitb6.csv","Zambia","ZMB","Women","Vitamin B6"
"zambia_w_vitc.csv","Zambia","ZMB","Women","Vitamin C"
"zambia_w_zinc.csv","Zambia","ZMB","Women","Zinc"
